interest_rate,date
3.15,1900-01-01
3.15,1900-02-01
3.14,1900-03-01
3.14,1900-04-01
3.13,1900-05-01
3.13,1900-06-01
3.12,1900-07-01
3.12,1900-08-01
3.12,1900-09-01
3.11,1900-10-01
3.11,1900-11-01
3.1,1900-12-01
3.1,1901-01-01
3.11,1901-02-01
3.11,1901-03-01
3.12,1901-04-01
3.13,1901-05-01
3.13,1901-06-01
3.14,1901-07-01
3.15,1901-08-01
3.15,1901-09-01
3.16,1901-10-01
3.17,1901-11-01
3.17,1901-12-01
3.18,1902-01-01
3.19,1902-02-01
3.2,1902-03-01
3.21,1902-04-01
3.22,1902-05-01
3.23,1902-06-01
3.24,1902-07-01
3.25,1902-08-01
3.26,1902-09-01
3.27,1902-10-01
3.28,1902-11-01
3.29,1902-12-01
3.3,1903-01-01
3.31,1903-02-01
3.32,1903-03-01
3.33,1903-04-01
3.33,1903-05-01
3.34,1903-06-01
3.35,1903-07-01
3.36,1903-08-01
3.37,1903-09-01
3.38,1903-10-01
3.38,1903-11-01
3.39,1903-12-01
3.4,1904-01-01
3.41,1904-02-01
3.41,1904-03-01
3.42,1904-04-01
3.43,1904-05-01
3.43,1904-06-01
3.44,1904-07-01
3.45,1904-08-01
3.45,1904-09-01
3.46,1904-10-01
3.47,1904-11-01
3.47,1904-12-01
3.48,1905-01-01
3.48,1905-02-01
3.47,1905-03-01
3.47,1905-04-01
3.46,1905-05-01
3.46,1905-06-01
3.45,1905-07-01
3.45,1905-08-01
3.45,1905-09-01
3.44,1905-10-01
3.44,1905-11-01
3.43,1905-12-01
3.43,1906-01-01
3.45,1906-02-01
3.47,1906-03-01
3.49,1906-04-01
3.51,1906-05-01
3.53,1906-06-01
3.55,1906-07-01
3.57,1906-08-01
3.59,1906-09-01
3.61,1906-10-01
3.63,1906-11-01
3.65,1906-12-01
3.67,1907-01-01
3.69,1907-02-01
3.7,1907-03-01
3.72,1907-04-01
3.74,1907-05-01
3.75,1907-06-01
3.77,1907-07-01
3.79,1907-08-01
3.8,1907-09-01
3.82,1907-10-01
3.84,1907-11-01
3.85,1907-12-01
3.87,1908-01-01
3.86,1908-02-01
3.85,1908-03-01
3.84,1908-04-01
3.83,1908-05-01
3.82,1908-06-01
3.82,1908-07-01
3.81,1908-08-01
3.8,1908-09-01
3.79,1908-10-01
3.78,1908-11-01
3.77,1908-12-01
3.76,1909-01-01
3.77,1909-02-01
3.79,1909-03-01
3.8,1909-04-01
3.81,1909-05-01
3.82,1909-06-01
3.84,1909-07-01
3.85,1909-08-01
3.86,1909-09-01
3.87,1909-10-01
3.88,1909-11-01
3.9,1909-12-01
3.91,1910-01-01
3.92,1910-02-01
3.92,1910-03-01
3.93,1910-04-01
3.93,1910-05-01
3.94,1910-06-01
3.94,1910-07-01
3.95,1910-08-01
3.96,1910-09-01
3.96,1910-10-01
3.97,1910-11-01
3.97,1910-12-01
3.98,1911-01-01
3.98,1911-02-01
3.98,1911-03-01
3.99,1911-04-01
3.99,1911-05-01
3.99,1911-06-01
3.99,1911-07-01
4,1911-08-01
4,1911-09-01
4,1911-10-01
4.01,1911-11-01
4.01,1911-12-01
4.01,1912-01-01
4.05,1912-02-01
4.08,1912-03-01
4.12,1912-04-01
4.16,1912-05-01
4.19,1912-06-01
4.23,1912-07-01
4.27,1912-08-01
4.3,1912-09-01
4.34,1912-10-01
4.38,1912-11-01
4.41,1912-12-01
4.45,1913-01-01
4.43,1913-02-01
4.4,1913-03-01
4.38,1913-04-01
4.35,1913-05-01
4.33,1913-06-01
4.3,1913-07-01
4.28,1913-08-01
4.26,1913-09-01
4.23,1913-10-01
4.21,1913-11-01
4.18,1913-12-01
4.16,1914-01-01
4.17,1914-02-01
4.17,1914-03-01
4.18,1914-04-01
4.19,1914-05-01
4.19,1914-06-01
4.2,1914-07-01
4.21,1914-08-01
4.21,1914-09-01
4.22,1914-10-01
4.23,1914-11-01
4.23,1914-12-01
4.24,1915-01-01
4.22,1915-02-01
4.21,1915-03-01
4.19,1915-04-01
4.18,1915-05-01
4.16,1915-06-01
4.14,1915-07-01
4.13,1915-08-01
4.11,1915-09-01
4.1,1915-10-01
4.08,1915-11-01
4.07,1915-12-01
4.05,1916-01-01
4.07,1916-02-01
4.08,1916-03-01
4.09,1916-04-01
4.11,1916-05-01
4.12,1916-06-01
4.14,1916-07-01
4.16,1916-08-01
4.17,1916-09-01
4.18,1916-10-01
4.2,1916-11-01
4.22,1916-12-01
4.23,1917-01-01
4.26,1917-02-01
4.29,1917-03-01
4.32,1917-04-01
4.34,1917-05-01
4.37,1917-06-01
4.4,1917-07-01
4.43,1917-08-01
4.46,1917-09-01
4.49,1917-10-01
4.51,1917-11-01
4.54,1917-12-01
4.57,1918-01-01
4.56,1918-02-01
4.56,1918-03-01
4.55,1918-04-01
4.55,1918-05-01
4.54,1918-06-01
4.53,1918-07-01
4.53,1918-08-01
4.52,1918-09-01
4.52,1918-10-01
4.51,1918-11-01
4.51,1918-12-01
4.5,1919-01-01
4.54,1919-02-01
4.58,1919-03-01
4.62,1919-04-01
4.66,1919-05-01
4.7,1919-06-01
4.74,1919-07-01
4.77,1919-08-01
4.81,1919-09-01
4.85,1919-10-01
4.89,1919-11-01
4.93,1919-12-01
4.97,1920-01-01
4.98,1920-02-01
4.99,1920-03-01
5,1920-04-01
5.01,1920-05-01
5.02,1920-06-01
5.03,1920-07-01
5.04,1920-08-01
5.05,1920-09-01
5.06,1920-10-01
5.07,1920-11-01
5.08,1920-12-01
5.09,1921-01-01
5.02,1921-02-01
4.96,1921-03-01
4.89,1921-04-01
4.83,1921-05-01
4.76,1921-06-01
4.7,1921-07-01
4.63,1921-08-01
4.56,1921-09-01
4.5,1921-10-01
4.43,1921-11-01
4.37,1921-12-01
4.3,1922-01-01
4.3,1922-02-01
4.31,1922-03-01
4.32,1922-04-01
4.32,1922-05-01
4.32,1922-06-01
4.33,1922-07-01
4.34,1922-08-01
4.34,1922-09-01
4.34,1922-10-01
4.35,1922-11-01
4.36,1922-12-01
4.36,1923-01-01
4.34,1923-02-01
4.31,1923-03-01
4.28,1923-04-01
4.26,1923-05-01
4.24,1923-06-01
4.21,1923-07-01
4.18,1923-08-01
4.16,1923-09-01
4.14,1923-10-01
4.11,1923-11-01
4.09,1923-12-01
4.06,1924-01-01
4.04,1924-02-01
4.03,1924-03-01
4.01,1924-04-01
3.99,1924-05-01
3.98,1924-06-01
3.96,1924-07-01
3.94,1924-08-01
3.93,1924-09-01
3.91,1924-10-01
3.89,1924-11-01
3.88,1924-12-01
3.86,1925-01-01
3.85,1925-02-01
3.83,1925-03-01
3.82,1925-04-01
3.8,1925-05-01
3.79,1925-06-01
3.77,1925-07-01
3.76,1925-08-01
3.74,1925-09-01
3.72,1925-10-01
3.71,1925-11-01
3.69,1925-12-01
3.68,1926-01-01
3.65,1926-02-01
3.62,1926-03-01
3.6,1926-04-01
3.57,1926-05-01
3.54,1926-06-01
3.51,1926-07-01
3.48,1926-08-01
3.45,1926-09-01
3.42,1926-10-01
3.4,1926-11-01
3.37,1926-12-01
3.34,1927-01-01
3.34,1927-02-01
3.34,1927-03-01
3.34,1927-04-01
3.34,1927-05-01
3.34,1927-06-01
3.34,1927-07-01
3.33,1927-08-01
3.33,1927-09-01
3.33,1927-10-01
3.33,1927-11-01
3.33,1927-12-01
3.33,1928-01-01
3.35,1928-02-01
3.38,1928-03-01
3.4,1928-04-01
3.42,1928-05-01
3.44,1928-06-01
3.46,1928-07-01
3.49,1928-08-01
3.51,1928-09-01
3.53,1928-10-01
3.56,1928-11-01
3.58,1928-12-01
3.6,1929-01-01
3.57,1929-02-01
3.55,1929-03-01
3.52,1929-04-01
3.5,1929-05-01
3.47,1929-06-01
3.44,1929-07-01
3.42,1929-08-01
3.39,1929-09-01
3.37,1929-10-01
3.34,1929-11-01
3.32,1929-12-01
3.29,1930-01-01
3.29,1930-02-01
3.3,1930-03-01
3.3,1930-04-01
3.31,1930-05-01
3.31,1930-06-01
3.32,1930-07-01
3.32,1930-08-01
3.32,1930-09-01
3.33,1930-10-01
3.33,1930-11-01
3.34,1930-12-01
3.34,1931-01-01
3.37,1931-02-01
3.4,1931-03-01
3.42,1931-04-01
3.45,1931-05-01
3.48,1931-06-01
3.51,1931-07-01
3.54,1931-08-01
3.57,1931-09-01
3.6,1931-10-01
3.62,1931-11-01
3.65,1931-12-01
3.68,1932-01-01
3.65,1932-02-01
3.62,1932-03-01
3.59,1932-04-01
3.56,1932-05-01
3.53,1932-06-01
3.49,1932-07-01
3.46,1932-08-01
3.43,1932-09-01
3.4,1932-10-01
3.37,1932-11-01
3.34,1932-12-01
3.31,1933-01-01
3.29,1933-02-01
3.28,1933-03-01
3.26,1933-04-01
3.25,1933-05-01
3.23,1933-06-01
3.21,1933-07-01
3.2,1933-08-01
3.18,1933-09-01
3.17,1933-10-01
3.15,1933-11-01
3.14,1933-12-01
3.12,1934-01-01
3.09,1934-02-01
3.07,1934-03-01
3.04,1934-04-01
3.01,1934-05-01
2.98,1934-06-01
2.95,1934-07-01
2.93,1934-08-01
2.9,1934-09-01
2.87,1934-10-01
2.85,1934-11-01
2.82,1934-12-01
2.79,1935-01-01
2.78,1935-02-01
2.77,1935-03-01
2.76,1935-04-01
2.74,1935-05-01
2.73,1935-06-01
2.72,1935-07-01
2.71,1935-08-01
2.7,1935-09-01
2.68,1935-10-01
2.67,1935-11-01
2.66,1935-12-01
2.65,1936-01-01
2.65,1936-02-01
2.65,1936-03-01
2.66,1936-04-01
2.66,1936-05-01
2.66,1936-06-01
2.66,1936-07-01
2.67,1936-08-01
2.67,1936-09-01
2.67,1936-10-01
2.67,1936-11-01
2.68,1936-12-01
2.68,1937-01-01
2.67,1937-02-01
2.66,1937-03-01
2.65,1937-04-01
2.64,1937-05-01
2.63,1937-06-01
2.62,1937-07-01
2.61,1937-08-01
2.6,1937-09-01
2.59,1937-10-01
2.58,1937-11-01
2.57,1937-12-01
2.56,1938-01-01
2.54,1938-02-01
2.53,1938-03-01
2.51,1938-04-01
2.49,1938-05-01
2.48,1938-06-01
2.46,1938-07-01
2.44,1938-08-01
2.43,1938-09-01
2.41,1938-10-01
2.39,1938-11-01
2.38,1938-12-01
2.36,1939-01-01
2.35,1939-02-01
2.34,1939-03-01
2.32,1939-04-01
2.31,1939-05-01
2.3,1939-06-01
2.29,1939-07-01
2.27,1939-08-01
2.26,1939-09-01
2.25,1939-10-01
2.23,1939-11-01
2.22,1939-12-01
2.21,1940-01-01
2.19,1940-02-01
2.17,1940-03-01
2.14,1940-04-01
2.12,1940-05-01
2.1,1940-06-01
2.08,1940-07-01
2.06,1940-08-01
2.04,1940-09-01
2.02,1940-10-01
1.99,1940-11-01
1.97,1940-12-01
1.95,1941-01-01
1.99,1941-02-01
2.04,1941-03-01
2.08,1941-04-01
2.12,1941-05-01
2.16,1941-06-01
2.2,1941-07-01
2.25,1941-08-01
2.29,1941-09-01
2.33,1941-10-01
2.38,1941-11-01
2.42,1941-12-01
2.46,1942-01-01
2.46,1942-02-01
2.46,1942-03-01
2.46,1942-04-01
2.46,1942-05-01
2.46,1942-06-01
2.46,1942-07-01
2.47,1942-08-01
2.47,1942-09-01
2.47,1942-10-01
2.47,1942-11-01
2.47,1942-12-01
2.47,1943-01-01
2.47,1943-02-01
2.47,1943-03-01
2.47,1943-04-01
2.47,1943-05-01
2.47,1943-06-01
2.47,1943-07-01
2.48,1943-08-01
2.48,1943-09-01
2.48,1943-10-01
2.48,1943-11-01
2.48,1943-12-01
2.48,1944-01-01
2.47,1944-02-01
2.46,1944-03-01
2.45,1944-04-01
2.44,1944-05-01
2.43,1944-06-01
2.42,1944-07-01
2.42,1944-08-01
2.41,1944-09-01
2.4,1944-10-01
2.39,1944-11-01
2.38,1944-12-01
2.37,1945-01-01
2.36,1945-02-01
2.34,1945-03-01
2.33,1945-04-01
2.31,1945-05-01
2.3,1945-06-01
2.28,1945-07-01
2.27,1945-08-01
2.25,1945-09-01
2.23,1945-10-01
2.22,1945-11-01
2.2,1945-12-01
2.19,1946-01-01
2.19,1946-02-01
2.2,1946-03-01
2.2,1946-04-01
2.21,1946-05-01
2.21,1946-06-01
2.22,1946-07-01
2.22,1946-08-01
2.23,1946-09-01
2.23,1946-10-01
2.24,1946-11-01
2.24,1946-12-01
2.25,1947-01-01
2.27,1947-02-01
2.28,1947-03-01
2.3,1947-04-01
2.31,1947-05-01
2.33,1947-06-01
2.35,1947-07-01
2.36,1947-08-01
2.38,1947-09-01
2.39,1947-10-01
2.41,1947-11-01
2.42,1947-12-01
2.44,1948-01-01
2.43,1948-02-01
2.42,1948-03-01
2.41,1948-04-01
2.4,1948-05-01
2.39,1948-06-01
2.38,1948-07-01
2.36,1948-08-01
2.35,1948-09-01
2.34,1948-10-01
2.33,1948-11-01
2.32,1948-12-01
2.31,1949-01-01
2.31,1949-02-01
2.31,1949-03-01
2.31,1949-04-01
2.31,1949-05-01
2.31,1949-06-01
2.32,1949-07-01
2.32,1949-08-01
2.32,1949-09-01
2.32,1949-10-01
2.32,1949-11-01
2.32,1949-12-01
2.32,1950-01-01
2.34,1950-02-01
2.36,1950-03-01
2.38,1950-04-01
2.4,1950-05-01
2.42,1950-06-01
2.44,1950-07-01
2.47,1950-08-01
2.49,1950-09-01
2.51,1950-10-01
2.53,1950-11-01
2.55,1950-12-01
2.57,1951-01-01
2.58,1951-02-01
2.59,1951-03-01
2.6,1951-04-01
2.61,1951-05-01
2.62,1951-06-01
2.62,1951-07-01
2.63,1951-08-01
2.64,1951-09-01
2.65,1951-10-01
2.66,1951-11-01
2.67,1951-12-01
2.68,1952-01-01
2.69,1952-02-01
2.7,1952-03-01
2.72,1952-04-01
2.73,1952-05-01
2.74,1952-06-01
2.76,1952-07-01
2.77,1952-08-01
2.78,1952-09-01
2.79,1952-10-01
2.81,1952-11-01
2.82,1952-12-01
2.83,1953-01-01
2.8,1953-02-01
2.77,1953-03-01
2.83,1953-04-01
3.05,1953-05-01
3.11,1953-06-01
2.93,1953-07-01
2.95,1953-08-01
2.87,1953-09-01
2.66,1953-10-01
2.68,1953-11-01
2.59,1953-12-01
2.48,1954-01-01
2.47,1954-02-01
2.37,1954-03-01
2.29,1954-04-01
2.37,1954-05-01
2.38,1954-06-01
2.3,1954-07-01
2.36,1954-08-01
2.38,1954-09-01
2.43,1954-10-01
2.48,1954-11-01
2.51,1954-12-01
2.61,1955-01-01
2.65,1955-02-01
2.68,1955-03-01
2.75,1955-04-01
2.76,1955-05-01
2.78,1955-06-01
2.9,1955-07-01
2.97,1955-08-01
2.97,1955-09-01
2.88,1955-10-01
2.89,1955-11-01
2.96,1955-12-01
2.9,1956-01-01
2.84,1956-02-01
2.96,1956-03-01
3.18,1956-04-01
3.07,1956-05-01
3,1956-06-01
3.11,1956-07-01
3.33,1956-08-01
3.38,1956-09-01
3.34,1956-10-01
3.49,1956-11-01
3.59,1956-12-01
3.46,1957-01-01
3.34,1957-02-01
3.41,1957-03-01
3.48,1957-04-01
3.6,1957-05-01
3.8,1957-06-01
3.93,1957-07-01
3.93,1957-08-01
3.92,1957-09-01
3.97,1957-10-01
3.72,1957-11-01
3.21,1957-12-01
3.09,1958-01-01
3.05,1958-02-01
2.98,1958-03-01
2.88,1958-04-01
2.92,1958-05-01
2.97,1958-06-01
3.2,1958-07-01
3.54,1958-08-01
3.76,1958-09-01
3.8,1958-10-01
3.74,1958-11-01
3.86,1958-12-01
4.02,1959-01-01
3.96,1959-02-01
3.99,1959-03-01
4.12,1959-04-01
4.31,1959-05-01
4.34,1959-06-01
4.4,1959-07-01
4.43,1959-08-01
4.68,1959-09-01
4.53,1959-10-01
4.53,1959-11-01
4.69,1959-12-01
4.72,1960-01-01
4.49,1960-02-01
4.25,1960-03-01
4.28,1960-04-01
4.35,1960-05-01
4.15,1960-06-01
3.9,1960-07-01
3.8,1960-08-01
3.8,1960-09-01
3.89,1960-10-01
3.93,1960-11-01
3.84,1960-12-01
3.84,1961-01-01
3.78,1961-02-01
3.74,1961-03-01
3.78,1961-04-01
3.71,1961-05-01
3.88,1961-06-01
3.92,1961-07-01
4.04,1961-08-01
3.98,1961-09-01
3.92,1961-10-01
3.94,1961-11-01
4.06,1961-12-01
4.08,1962-01-01
4.04,1962-02-01
3.93,1962-03-01
3.84,1962-04-01
3.87,1962-05-01
3.91,1962-06-01
4.01,1962-07-01
3.98,1962-08-01
3.98,1962-09-01
3.93,1962-10-01
3.92,1962-11-01
3.86,1962-12-01
3.83,1963-01-01
3.92,1963-02-01
3.93,1963-03-01
3.97,1963-04-01
3.93,1963-05-01
3.99,1963-06-01
4.02,1963-07-01
4,1963-08-01
4.08,1963-09-01
4.11,1963-10-01
4.12,1963-11-01
4.13,1963-12-01
4.17,1964-01-01
4.15,1964-02-01
4.22,1964-03-01
4.23,1964-04-01
4.2,1964-05-01
4.17,1964-06-01
4.19,1964-07-01
4.19,1964-08-01
4.2,1964-09-01
4.19,1964-10-01
4.15,1964-11-01
4.18,1964-12-01
4.19,1965-01-01
4.21,1965-02-01
4.21,1965-03-01
4.2,1965-04-01
4.21,1965-05-01
4.21,1965-06-01
4.2,1965-07-01
4.25,1965-08-01
4.29,1965-09-01
4.35,1965-10-01
4.45,1965-11-01
4.62,1965-12-01
4.61,1966-01-01
4.83,1966-02-01
4.87,1966-03-01
4.75,1966-04-01
4.78,1966-05-01
4.81,1966-06-01
5.02,1966-07-01
5.22,1966-08-01
5.18,1966-09-01
5.01,1966-10-01
5.16,1966-11-01
4.84,1966-12-01
4.58,1967-01-01
4.63,1967-02-01
4.54,1967-03-01
4.59,1967-04-01
4.85,1967-05-01
5.02,1967-06-01
5.16,1967-07-01
5.28,1967-08-01
5.3,1967-09-01
5.48,1967-10-01
5.75,1967-11-01
5.7,1967-12-01
5.53,1968-01-01
5.56,1968-02-01
5.74,1968-03-01
5.64,1968-04-01
5.87,1968-05-01
5.72,1968-06-01
5.5,1968-07-01
5.42,1968-08-01
5.46,1968-09-01
5.58,1968-10-01
5.7,1968-11-01
6.03,1968-12-01
6.04,1969-01-01
6.19,1969-02-01
6.3,1969-03-01
6.17,1969-04-01
6.32,1969-05-01
6.57,1969-06-01
6.72,1969-07-01
6.69,1969-08-01
7.16,1969-09-01
7.1,1969-10-01
7.14,1969-11-01
7.65,1969-12-01
7.79,1970-01-01
7.24,1970-02-01
7.07,1970-03-01
7.39,1970-04-01
7.91,1970-05-01
7.84,1970-06-01
7.46,1970-07-01
7.53,1970-08-01
7.39,1970-09-01
7.33,1970-10-01
6.84,1970-11-01
6.39,1970-12-01
6.24,1971-01-01
6.11,1971-02-01
5.7,1971-03-01
5.83,1971-04-01
6.39,1971-05-01
6.52,1971-06-01
6.73,1971-07-01
6.58,1971-08-01
6.14,1971-09-01
5.93,1971-10-01
5.81,1971-11-01
5.93,1971-12-01
5.95,1972-01-01
6.08,1972-02-01
6.07,1972-03-01
6.19,1972-04-01
6.13,1972-05-01
6.11,1972-06-01
6.11,1972-07-01
6.21,1972-08-01
6.55,1972-09-01
6.48,1972-10-01
6.28,1972-11-01
6.36,1972-12-01
6.46,1973-01-01
6.64,1973-02-01
6.71,1973-03-01
6.67,1973-04-01
6.85,1973-05-01
6.9,1973-06-01
7.13,1973-07-01
7.4,1973-08-01
7.09,1973-09-01
6.79,1973-10-01
6.73,1973-11-01
6.74,1973-12-01
6.99,1974-01-01
6.96,1974-02-01
7.21,1974-03-01
7.51,1974-04-01
7.58,1974-05-01
7.54,1974-06-01
7.81,1974-07-01
8.04,1974-08-01
8.04,1974-09-01
7.9,1974-10-01
7.68,1974-11-01
7.43,1974-12-01
7.5,1975-01-01
7.39,1975-02-01
7.73,1975-03-01
8.23,1975-04-01
8.06,1975-05-01
7.86,1975-06-01
8.06,1975-07-01
8.4,1975-08-01
8.43,1975-09-01
8.14,1975-10-01
8.05,1975-11-01
8,1975-12-01
7.74,1976-01-01
7.79,1976-02-01
7.73,1976-03-01
7.56,1976-04-01
7.9,1976-05-01
7.86,1976-06-01
7.83,1976-07-01
7.77,1976-08-01
7.59,1976-09-01
7.41,1976-10-01
7.29,1976-11-01
6.87,1976-12-01
7.21,1977-01-01
7.39,1977-02-01
7.46,1977-03-01
7.37,1977-04-01
7.46,1977-05-01
7.28,1977-06-01
7.33,1977-07-01
7.4,1977-08-01
7.34,1977-09-01
7.52,1977-10-01
7.58,1977-11-01
7.69,1977-12-01
7.96,1978-01-01
8.03,1978-02-01
8.04,1978-03-01
8.15,1978-04-01
8.35,1978-05-01
8.46,1978-06-01
8.64,1978-07-01
8.41,1978-08-01
8.42,1978-09-01
8.64,1978-10-01
8.81,1978-11-01
9.01,1978-12-01
9.1,1979-01-01
9.1,1979-02-01
9.12,1979-03-01
9.18,1979-04-01
9.25,1979-05-01
8.91,1979-06-01
8.95,1979-07-01
9.03,1979-08-01
9.33,1979-09-01
10.3,1979-10-01
10.65,1979-11-01
10.39,1979-12-01
10.8,1980-01-01
12.41,1980-02-01
12.75,1980-03-01
11.47,1980-04-01
10.18,1980-05-01
9.78,1980-06-01
10.25,1980-07-01
11.1,1980-08-01
11.51,1980-09-01
11.75,1980-10-01
12.68,1980-11-01
12.84,1980-12-01
12.57,1981-01-01
13.19,1981-02-01
13.12,1981-03-01
13.68,1981-04-01
14.1,1981-05-01
13.47,1981-06-01
14.28,1981-07-01
14.94,1981-08-01
15.32,1981-09-01
15.15,1981-10-01
13.39,1981-11-01
13.72,1981-12-01
14.59,1982-01-01
14.43,1982-02-01
13.86,1982-03-01
13.87,1982-04-01
13.62,1982-05-01
14.3,1982-06-01
13.95,1982-07-01
13.06,1982-08-01
12.34,1982-09-01
10.91,1982-10-01
10.55,1982-11-01
10.54,1982-12-01
10.46,1983-01-01
10.72,1983-02-01
10.51,1983-03-01
10.4,1983-04-01
10.38,1983-05-01
10.85,1983-06-01
11.38,1983-07-01
11.85,1983-08-01
11.65,1983-09-01
11.54,1983-10-01
11.69,1983-11-01
11.83,1983-12-01
11.67,1984-01-01
11.84,1984-02-01
12.32,1984-03-01
12.63,1984-04-01
13.41,1984-05-01
13.56,1984-06-01
13.36,1984-07-01
12.72,1984-08-01
12.52,1984-09-01
12.16,1984-10-01
11.57,1984-11-01
11.5,1984-12-01
11.38,1985-01-01
11.51,1985-02-01
11.86,1985-03-01
11.43,1985-04-01
10.85,1985-05-01
10.16,1985-06-01
10.31,1985-07-01
10.33,1985-08-01
10.37,1985-09-01
10.24,1985-10-01
9.78,1985-11-01
9.26,1985-12-01
9.19,1986-01-01
8.7,1986-02-01
7.78,1986-03-01
7.3,1986-04-01
7.71,1986-05-01
7.8,1986-06-01
7.3,1986-07-01
7.17,1986-08-01
7.45,1986-09-01
7.43,1986-10-01
7.25,1986-11-01
7.11,1986-12-01
7.08,1987-01-01
7.25,1987-02-01
7.25,1987-03-01
8.02,1987-04-01
8.61,1987-05-01
8.4,1987-06-01
8.45,1987-07-01
8.76,1987-08-01
9.42,1987-09-01
9.52,1987-10-01
8.86,1987-11-01
8.99,1987-12-01
8.67,1988-01-01
8.21,1988-02-01
8.37,1988-03-01
8.72,1988-04-01
9.09,1988-05-01
8.92,1988-06-01
9.06,1988-07-01
9.26,1988-08-01
8.98,1988-09-01
8.8,1988-10-01
8.96,1988-11-01
9.11,1988-12-01
9.09,1989-01-01
9.17,1989-02-01
9.36,1989-03-01
9.18,1989-04-01
8.86,1989-05-01
8.28,1989-06-01
8.02,1989-07-01
8.11,1989-08-01
8.19,1989-09-01
8.01,1989-10-01
7.87,1989-11-01
7.84,1989-12-01
8.21,1990-01-01
8.47,1990-02-01
8.59,1990-03-01
8.79,1990-04-01
8.76,1990-05-01
8.48,1990-06-01
8.47,1990-07-01
8.75,1990-08-01
8.89,1990-09-01
8.72,1990-10-01
8.39,1990-11-01
8.07,1990-12-01
8.09,1991-01-01
7.85,1991-02-01
8.11,1991-03-01
8.04,1991-04-01
8.07,1991-05-01
8.28,1991-06-01
8.27,1991-07-01
7.9,1991-08-01
7.65,1991-09-01
7.53,1991-10-01
7.42,1991-11-01
7.09,1991-12-01
7.03,1992-01-01
7.34,1992-02-01
7.54,1992-03-01
7.48,1992-04-01
7.39,1992-05-01
7.26,1992-06-01
6.84,1992-07-01
6.59,1992-08-01
6.42,1992-09-01
6.59,1992-10-01
6.87,1992-11-01
6.77,1992-12-01
6.6,1993-01-01
6.26,1993-02-01
5.98,1993-03-01
5.97,1993-04-01
6.04,1993-05-01
5.96,1993-06-01
5.81,1993-07-01
5.68,1993-08-01
5.36,1993-09-01
5.33,1993-10-01
5.72,1993-11-01
5.77,1993-12-01
5.75,1994-01-01
5.97,1994-02-01
6.48,1994-03-01
6.97,1994-04-01
7.18,1994-05-01
7.1,1994-06-01
7.3,1994-07-01
7.24,1994-08-01
7.46,1994-09-01
7.74,1994-10-01
7.95,1994-11-01
7.81,1994-12-01
7.78,1995-01-01
7.47,1995-02-01
7.2,1995-03-01
7.06,1995-04-01
6.63,1995-05-01
6.17,1995-06-01
6.28,1995-07-01
6.49,1995-08-01
6.2,1995-09-01
6.04,1995-10-01
5.93,1995-11-01
5.71,1995-12-01
5.65,1996-01-01
5.81,1996-02-01
6.27,1996-03-01
6.51,1996-04-01
6.74,1996-05-01
6.91,1996-06-01
6.87,1996-07-01
6.64,1996-08-01
6.83,1996-09-01
6.53,1996-10-01
6.2,1996-11-01
6.3,1996-12-01
6.58,1997-01-01
6.42,1997-02-01
6.69,1997-03-01
6.89,1997-04-01
6.71,1997-05-01
6.49,1997-06-01
6.22,1997-07-01
6.3,1997-08-01
6.21,1997-09-01
6.03,1997-10-01
5.88,1997-11-01
5.81,1997-12-01
5.54,1998-01-01
5.57,1998-02-01
5.65,1998-03-01
5.64,1998-04-01
5.65,1998-05-01
5.5,1998-06-01
5.46,1998-07-01
5.34,1998-08-01
4.81,1998-09-01
4.53,1998-10-01
4.83,1998-11-01
4.64,1998-12-01
4.72,1999-01-01
5,1999-02-01
5.23,1999-03-01
5.18,1999-04-01
5.54,1999-05-01
5.9,1999-06-01
5.79,1999-07-01
5.94,1999-08-01
5.92,1999-09-01
6.11,1999-10-01
6.03,1999-11-01
6.28,1999-12-01
6.66,2000-01-01
6.52,2000-02-01
6.26,2000-03-01
5.99,2000-04-01
6.44,2000-05-01
6.1,2000-06-01
6.05,2000-07-01
5.83,2000-08-01
5.8,2000-09-01
5.74,2000-10-01
5.72,2000-11-01
5.24,2000-12-01
5.16,2001-01-01
5.1,2001-02-01
4.89,2001-03-01
5.14,2001-04-01
5.39,2001-05-01
5.28,2001-06-01
5.24,2001-07-01
4.97,2001-08-01
4.73,2001-09-01
4.57,2001-10-01
4.65,2001-11-01
5.09,2001-12-01
5.04,2002-01-01
4.91,2002-02-01
5.28,2002-03-01
5.21,2002-04-01
5.16,2002-05-01
4.93,2002-06-01
4.65,2002-07-01
4.26,2002-08-01
3.87,2002-09-01
3.94,2002-10-01
4.05,2002-11-01
4.03,2002-12-01
4.05,2003-01-01
3.9,2003-02-01
3.81,2003-03-01
3.96,2003-04-01
3.57,2003-05-01
3.33,2003-06-01
3.98,2003-07-01
4.45,2003-08-01
4.27,2003-09-01
4.29,2003-10-01
4.3,2003-11-01
4.27,2003-12-01
4.15,2004-01-01
4.08,2004-02-01
3.83,2004-03-01
4.35,2004-04-01
4.72,2004-05-01
4.73,2004-06-01
4.5,2004-07-01
4.28,2004-08-01
4.13,2004-09-01
4.1,2004-10-01
4.19,2004-11-01
4.23,2004-12-01
4.22,2005-01-01
4.17,2005-02-01
4.5,2005-03-01
4.34,2005-04-01
4.14,2005-05-01
4,2005-06-01
4.18,2005-07-01
4.26,2005-08-01
4.2,2005-09-01
4.46,2005-10-01
4.53,2005-11-01
4.47,2005-12-01
4.42,2006-01-01
4.57,2006-02-01
4.72,2006-03-01
4.99,2006-04-01
5.11,2006-05-01
5.11,2006-06-01
5.09,2006-07-01
4.88,2006-08-01
4.72,2006-09-01
4.73,2006-10-01
4.6,2006-11-01
4.56,2006-12-01
4.76,2007-01-01
4.72,2007-02-01
4.56,2007-03-01
4.69,2007-04-01
4.75,2007-05-01
5.1,2007-06-01
5,2007-07-01
4.67,2007-08-01
4.52,2007-09-01
4.53,2007-10-01
4.15,2007-11-01
4.1,2007-12-01
3.74,2008-01-01
3.74,2008-02-01
3.51,2008-03-01
3.67,2008-04-01
3.88,2008-05-01
4.1,2008-06-01
4.01,2008-07-01
3.89,2008-08-01
3.69,2008-09-01
3.81,2008-10-01
3.53,2008-11-01
2.42,2008-12-01
2.52,2009-01-01
2.87,2009-02-01
2.82,2009-03-01
2.93,2009-04-01
3.29,2009-05-01
3.72,2009-06-01
3.56,2009-07-01
3.59,2009-08-01
3.4,2009-09-01
3.39,2009-10-01
3.4,2009-11-01
3.59,2009-12-01
3.73,2010-01-01
3.69,2010-02-01
3.73,2010-03-01
3.85,2010-04-01
3.42,2010-05-01
3.2,2010-06-01
3.01,2010-07-01
2.7,2010-08-01
2.65,2010-09-01
2.54,2010-10-01
2.76,2010-11-01
3.29,2010-12-01
3.39,2011-01-01
3.58,2011-02-01
3.41,2011-03-01
3.45,2011-04-01
3.17,2011-05-01
3,2011-06-01
3,2011-07-01
2.3,2011-08-01
1.98,2011-09-01
2.15,2011-10-01
2.01,2011-11-01
1.98,2011-12-01
1.97,2012-01-01
1.97,2012-02-01
2.17,2012-03-01
2.05,2012-04-01
1.8,2012-05-01
1.62,2012-06-01
1.53,2012-07-01
1.68,2012-08-01
1.72,2012-09-01
1.75,2012-10-01
1.65,2012-11-01
1.72,2012-12-01
1.91,2013-01-01
1.98,2013-02-01
1.96,2013-03-01
1.76,2013-04-01
1.93,2013-05-01
2.3,2013-06-01
2.58,2013-07-01
2.74,2013-08-01
2.81,2013-09-01
2.62,2013-10-01
2.72,2013-11-01
2.9,2013-12-01
2.86,2014-01-01
2.71,2014-02-01
2.72,2014-03-01
2.71,2014-04-01
2.56,2014-05-01
2.6,2014-06-01
2.54,2014-07-01
2.42,2014-08-01
2.53,2014-09-01
2.3,2014-10-01
2.33,2014-11-01
2.21,2014-12-01
1.88,2015-01-01
1.98,2015-02-01
2.04,2015-03-01
1.93,2015-04-01
2.2,2015-05-01
2.36,2015-06-01
2.32,2015-07-01
2.17,2015-08-01
2.17,2015-09-01
2.07,2015-10-01
2.26,2015-11-01
2.24,2015-12-01
2.09,2016-01-01
1.78,2016-02-01
1.89,2016-03-01
1.81,2016-04-01
1.81,2016-05-01
1.64,2016-06-01
1.5,2016-07-01
1.56,2016-08-01
1.63,2016-09-01
1.76,2016-10-01
2.14,2016-11-01
2.49,2016-12-01
2.43,2017-01-01
2.42,2017-02-01
2.48,2017-03-01
2.18,2017-04-01
2.3,2017-05-01
2.19,2017-06-01
2.32,2017-07-01
2.21,2017-08-01
2.2,2017-09-01
2.36,2017-10-01
2.35,2017-11-01
2.4,2017-12-01
2.58,2018-01-01
2.86,2018-02-01
2.84,2018-03-01
2.87,2018-04-01
2.98,2018-05-01
2.91,2018-06-01
2.89,2018-07-01
2.89,2018-08-01
3,2018-09-01
3.15,2018-10-01
3.12,2018-11-01
2.83,2018-12-01
2.71,2019-01-01
2.68,2019-02-01
2.57,2019-03-01
2.53,2019-04-01
2.40,2019-05-01
2.07,2019-06-01
2.06,2019-07-01
1.63,2019-08-01
1.70,2019-09-01
1.71,2019-10-01
1.81,2019-11-01
1.86,2019-12-01