sp_composite_price,dividend,date
6.02,0,1899-12-01
6.1,0.22,1900-01-01
6.21,0.23,1900-02-01
6.26,0.23,1900-03-01
6.34,0.24,1900-04-01
6.04,0.25,1900-05-01
5.86,0.26,1900-06-01
5.86,0.26,1900-07-01
5.94,0.27,1900-08-01
5.8,0.28,1900-09-01
6.01,0.29,1900-10-01
6.48,0.29,1900-11-01
6.87,0.3,1900-12-01
7.07,0.3,1901-01-01
7.25,0.3,1901-02-01
7.51,0.31,1901-03-01
8.14,0.31,1901-04-01
7.73,0.31,1901-05-01
8.5,0.31,1901-06-01
7.93,0.31,1901-07-01
8.04,0.31,1901-08-01
8,0.32,1901-09-01
7.91,0.32,1901-10-01
8.08,0.32,1901-11-01
7.95,0.32,1901-12-01
8.12,0.32,1902-01-01
8.19,0.32,1902-02-01
8.2,0.32,1902-03-01
8.48,0.32,1902-04-01
8.46,0.32,1902-05-01
8.41,0.33,1902-06-01
8.6,0.33,1902-07-01
8.83,0.33,1902-08-01
8.85,0.33,1902-09-01
8.57,0.33,1902-10-01
8.24,0.33,1902-11-01
8.05,0.33,1902-12-01
8.46,0.33,1903-01-01
8.41,0.33,1903-02-01
8.08,0.34,1903-03-01
7.75,0.34,1903-04-01
7.6,0.34,1903-05-01
7.18,0.34,1903-06-01
6.85,0.34,1903-07-01
6.63,0.34,1903-08-01
6.47,0.35,1903-09-01
6.26,0.35,1903-10-01
6.28,0.35,1903-11-01
6.57,0.35,1903-12-01
6.68,0.35,1904-01-01
6.5,0.34,1904-02-01
6.48,0.34,1904-03-01
6.64,0.34,1904-04-01
6.5,0.33,1904-05-01
6.51,0.33,1904-06-01
6.78,0.33,1904-07-01
7.01,0.32,1904-08-01
7.32,0.32,1904-09-01
7.75,0.32,1904-10-01
8.17,0.31,1904-11-01
8.25,0.31,1904-12-01
8.43,0.31,1905-01-01
8.8,0.31,1905-02-01
9.05,0.32,1905-03-01
8.94,0.32,1905-04-01
8.5,0.32,1905-05-01
8.6,0.32,1905-06-01
8.87,0.32,1905-07-01
9.2,0.32,1905-08-01
9.23,0.33,1905-09-01
9.36,0.33,1905-10-01
9.31,0.33,1905-11-01
9.54,0.33,1905-12-01
9.87,0.34,1906-01-01
9.8,0.34,1906-02-01
9.56,0.35,1906-03-01
9.43,0.35,1906-04-01
9.18,0.36,1906-05-01
9.3,0.37,1906-06-01
9.06,0.37,1906-07-01
9.73,0.38,1906-08-01
10.03,0.38,1906-09-01
9.73,0.39,1906-10-01
9.93,0.39,1906-11-01
9.84,0.4,1906-12-01
9.56,0.4,1907-01-01
9.26,0.41,1907-02-01
8.35,0.41,1907-03-01
8.39,0.41,1907-04-01
8.1,0.42,1907-05-01
7.84,0.42,1907-06-01
8.14,0.42,1907-07-01
7.53,0.43,1907-08-01
7.45,0.43,1907-09-01
6.64,0.43,1907-10-01
6.25,0.44,1907-11-01
6.57,0.44,1907-12-01
6.85,0.44,1908-01-01
6.6,0.43,1908-02-01
6.87,0.43,1908-03-01
7.24,0.43,1908-04-01
7.63,0.42,1908-05-01
7.64,0.42,1908-06-01
7.92,0.42,1908-07-01
8.26,0.41,1908-08-01
8.17,0.41,1908-09-01
8.27,0.41,1908-10-01
8.83,0.4,1908-11-01
9.03,0.4,1908-12-01
9.06,0.4,1909-01-01
8.8,0.41,1909-02-01
8.92,0.41,1909-03-01
9.32,0.41,1909-04-01
9.63,0.42,1909-05-01
9.8,0.42,1909-06-01
9.94,0.42,1909-07-01
10.18,0.43,1909-08-01
10.19,0.43,1909-09-01
10.23,0.43,1909-10-01
10.18,0.44,1909-11-01
10.3,0.44,1909-12-01
10.08,0.44,1910-01-01
9.72,0.45,1910-02-01
9.96,0.45,1910-03-01
9.72,0.45,1910-04-01
9.56,0.45,1910-05-01
9.1,0.46,1910-06-01
8.64,0.46,1910-07-01
8.85,0.46,1910-08-01
8.91,0.46,1910-09-01
9.32,0.47,1910-10-01
9.31,0.47,1910-11-01
9.05,0.47,1910-12-01
9.27,0.47,1911-01-01
9.43,0.47,1911-02-01
9.32,0.47,1911-03-01
9.28,0.47,1911-04-01
9.48,0.47,1911-05-01
9.67,0.47,1911-06-01
9.63,0.47,1911-07-01
9.17,0.47,1911-08-01
8.67,0.47,1911-09-01
8.72,0.47,1911-10-01
9.07,0.47,1911-11-01
9.11,0.47,1911-12-01
9.12,0.47,1912-01-01
9.04,0.47,1912-02-01
9.3,0.47,1912-03-01
9.59,0.47,1912-04-01
9.58,0.47,1912-05-01
9.58,0.48,1912-06-01
9.59,0.48,1912-07-01
9.81,0.48,1912-08-01
9.86,0.48,1912-09-01
9.84,0.48,1912-10-01
9.73,0.48,1912-11-01
9.38,0.48,1912-12-01
9.3,0.48,1913-01-01
8.97,0.48,1913-02-01
8.8,0.48,1913-03-01
8.79,0.48,1913-04-01
8.55,0.48,1913-05-01
8.12,0.48,1913-06-01
8.23,0.48,1913-07-01
8.45,0.48,1913-08-01
8.53,0.48,1913-09-01
8.26,0.48,1913-10-01
8.05,0.48,1913-11-01
8.04,0.48,1913-12-01
8.37,0.48,1914-01-01
8.48,0.47,1914-02-01
8.32,0.47,1914-03-01
8.12,0.46,1914-04-01
8.17,0.46,1914-05-01
8.13,0.45,1914-06-01
7.68,0.45,1914-07-01
7.68,0.44,1914-08-01
7.68,0.44,1914-09-01
7.68,0.43,1914-10-01
7.68,0.43,1914-11-01
7.35,0.42,1914-12-01
7.48,0.42,1915-01-01
7.38,0.42,1915-02-01
7.57,0.42,1915-03-01
8.14,0.42,1915-04-01
7.95,0.42,1915-05-01
8.04,0.43,1915-06-01
8.01,0.43,1915-07-01
8.35,0.43,1915-08-01
8.66,0.43,1915-09-01
9.14,0.43,1915-10-01
9.46,0.43,1915-11-01
9.48,0.43,1915-12-01
9.33,0.44,1916-01-01
9.2,0.45,1916-02-01
9.17,0.46,1916-03-01
9.07,0.47,1916-04-01
9.27,0.48,1916-05-01
9.36,0.5,1916-06-01
9.23,0.51,1916-07-01
9.3,0.52,1916-08-01
9.68,0.53,1916-09-01
9.98,0.54,1916-10-01
10.21,0.55,1916-11-01
9.8,0.56,1916-12-01
9.57,0.57,1917-01-01
9.03,0.58,1917-02-01
9.31,0.59,1917-03-01
9.17,0.6,1917-04-01
8.86,0.61,1917-05-01
9.04,0.63,1917-06-01
8.79,0.64,1917-07-01
8.53,0.65,1917-08-01
8.12,0.66,1917-09-01
7.68,0.67,1917-10-01
7.04,0.68,1917-11-01
6.8,0.69,1917-12-01
7.21,0.68,1918-01-01
7.43,0.67,1918-02-01
7.28,0.66,1918-03-01
7.21,0.65,1918-04-01
7.44,0.64,1918-05-01
7.45,0.63,1918-06-01
7.51,0.62,1918-07-01
7.58,0.61,1918-08-01
7.54,0.6,1918-09-01
7.86,0.59,1918-10-01
8.06,0.58,1918-11-01
7.9,0.57,1918-12-01
7.85,0.57,1919-01-01
7.88,0.56,1919-02-01
8.12,0.56,1919-03-01
8.39,0.56,1919-04-01
8.97,0.55,1919-05-01
9.21,0.55,1919-06-01
9.51,0.55,1919-07-01
8.87,0.54,1919-08-01
9.01,0.54,1919-09-01
9.47,0.54,1919-10-01
9.19,0.53,1919-11-01
8.92,0.53,1919-12-01
8.83,0.53,1920-01-01
8.1,0.53,1920-02-01
8.67,0.53,1920-03-01
8.6,0.52,1920-04-01
8.06,0.52,1920-05-01
7.92,0.52,1920-06-01
7.91,0.52,1920-07-01
7.6,0.52,1920-08-01
7.87,0.52,1920-09-01
7.88,0.51,1920-10-01
7.48,0.51,1920-11-01
6.81,0.51,1920-12-01
7.11,0.51,1921-01-01
7.06,0.5,1921-02-01
6.88,0.5,1921-03-01
6.91,0.49,1921-04-01
7.12,0.49,1921-05-01
6.55,0.49,1921-06-01
6.53,0.48,1921-07-01
6.45,0.48,1921-08-01
6.61,0.47,1921-09-01
6.7,0.47,1921-10-01
7.06,0.46,1921-11-01
7.31,0.46,1921-12-01
7.3,0.46,1922-01-01
7.46,0.47,1922-02-01
7.74,0.47,1922-03-01
8.21,0.48,1922-04-01
8.53,0.48,1922-05-01
8.45,0.49,1922-06-01
8.51,0.49,1922-07-01
8.83,0.49,1922-08-01
9.06,0.5,1922-09-01
9.26,0.5,1922-10-01
8.8,0.51,1922-11-01
8.78,0.51,1922-12-01
8.9,0.51,1923-01-01
9.28,0.51,1923-02-01
9.43,0.52,1923-03-01
9.1,0.52,1923-04-01
8.67,0.52,1923-05-01
8.34,0.52,1923-06-01
8.06,0.52,1923-07-01
8.1,0.52,1923-08-01
8.15,0.53,1923-09-01
8.03,0.53,1923-10-01
8.27,0.53,1923-11-01
8.55,0.53,1923-12-01
8.83,0.53,1924-01-01
8.87,0.53,1924-02-01
8.7,0.54,1924-03-01
8.5,0.54,1924-04-01
8.47,0.54,1924-05-01
8.63,0.54,1924-06-01
9.03,0.54,1924-07-01
9.34,0.54,1924-08-01
9.25,0.55,1924-09-01
9.13,0.55,1924-10-01
9.64,0.55,1924-11-01
10.16,0.55,1924-12-01
10.58,0.55,1925-01-01
10.67,0.56,1925-02-01
10.39,0.56,1925-03-01
10.28,0.57,1925-04-01
10.61,0.57,1925-05-01
10.8,0.58,1925-06-01
11.1,0.58,1925-07-01
11.25,0.58,1925-08-01
11.51,0.59,1925-09-01
11.89,0.59,1925-10-01
12.26,0.6,1925-11-01
12.46,0.6,1925-12-01
12.65,0.61,1926-01-01
12.67,0.62,1926-02-01
11.81,0.62,1926-03-01
11.48,0.63,1926-04-01
11.56,0.64,1926-05-01
12.11,0.65,1926-06-01
12.62,0.65,1926-07-01
13.12,0.66,1926-08-01
13.32,0.67,1926-09-01
13.02,0.68,1926-10-01
13.19,0.68,1926-11-01
13.49,0.69,1926-12-01
13.4,0.7,1927-01-01
13.66,0.7,1927-02-01
13.87,0.71,1927-03-01
14.21,0.72,1927-04-01
14.7,0.72,1927-05-01
14.89,0.73,1927-06-01
15.22,0.74,1927-07-01
16.03,0.74,1927-08-01
16.94,0.75,1927-09-01
16.68,0.76,1927-10-01
17.06,0.76,1927-11-01
17.46,0.77,1927-12-01
17.53,0.78,1928-01-01
17.32,0.78,1928-02-01
18.25,0.79,1928-03-01
19.4,0.8,1928-04-01
20,0.8,1928-05-01
19.02,0.81,1928-06-01
19.16,0.82,1928-07-01
19.78,0.82,1928-08-01
21.17,0.83,1928-09-01
21.6,0.84,1928-10-01
23.06,0.84,1928-11-01
23.15,0.85,1928-12-01
24.86,0.86,1929-01-01
24.99,0.87,1929-02-01
25.43,0.88,1929-03-01
25.28,0.89,1929-04-01
25.66,0.9,1929-05-01
26.15,0.91,1929-06-01
28.48,0.92,1929-07-01
30.1,0.93,1929-08-01
31.3,0.94,1929-09-01
27.99,0.95,1929-10-01
20.58,0.96,1929-11-01
21.4,0.97,1929-12-01
21.71,0.97,1930-01-01
23.07,0.97,1930-02-01
23.94,0.97,1930-03-01
25.46,0.97,1930-04-01
23.94,0.97,1930-05-01
21.52,0.98,1930-06-01
21.06,0.98,1930-07-01
20.79,0.98,1930-08-01
20.78,0.98,1930-09-01
17.92,0.98,1930-10-01
16.62,0.98,1930-11-01
15.51,0.98,1930-12-01
15.98,0.97,1931-01-01
17.2,0.95,1931-02-01
17.53,0.94,1931-03-01
15.86,0.93,1931-04-01
14.33,0.91,1931-05-01
13.87,0.9,1931-06-01
14.33,0.89,1931-07-01
13.9,0.87,1931-08-01
11.83,0.86,1931-09-01
10.25,0.85,1931-10-01
10.39,0.83,1931-11-01
8.44,0.82,1931-12-01
8.3,0.79,1932-01-01
8.23,0.77,1932-02-01
8.26,0.74,1932-03-01
6.28,0.71,1932-04-01
5.51,0.69,1932-05-01
4.77,0.66,1932-06-01
5.01,0.63,1932-07-01
7.53,0.61,1932-08-01
8.26,0.58,1932-09-01
7.12,0.55,1932-10-01
7.05,0.53,1932-11-01
6.82,0.5,1932-12-01
7.09,0.5,1933-01-01
6.25,0.49,1933-02-01
6.23,0.49,1933-03-01
6.89,0.48,1933-04-01
8.87,0.48,1933-05-01
10.39,0.47,1933-06-01
11.23,0.47,1933-07-01
10.67,0.46,1933-08-01
10.58,0.46,1933-09-01
9.55,0.45,1933-10-01
9.78,0.45,1933-11-01
9.97,0.44,1933-12-01
10.54,0.44,1934-01-01
11.32,0.44,1934-02-01
10.74,0.44,1934-03-01
10.92,0.44,1934-04-01
9.81,0.44,1934-05-01
9.94,0.45,1934-06-01
9.47,0.45,1934-07-01
9.1,0.45,1934-08-01
8.88,0.45,1934-09-01
8.95,0.45,1934-10-01
9.2,0.45,1934-11-01
9.26,0.45,1934-12-01
9.26,0.45,1935-01-01
8.98,0.45,1935-02-01
8.41,0.45,1935-03-01
9.04,0.45,1935-04-01
9.75,0.44,1935-05-01
10.12,0.44,1935-06-01
10.65,0.44,1935-07-01
11.37,0.44,1935-08-01
11.61,0.44,1935-09-01
11.92,0.45,1935-10-01
13.04,0.46,1935-11-01
13.04,0.47,1935-12-01
13.76,0.48,1936-01-01
14.55,0.49,1936-02-01
14.86,0.5,1936-03-01
14.88,0.52,1936-04-01
14.09,0.53,1936-05-01
14.69,0.55,1936-06-01
15.56,0.57,1936-07-01
15.87,0.59,1936-08-01
16.05,0.61,1936-09-01
16.89,0.65,1936-10-01
17.36,0.68,1936-11-01
17.06,0.72,1936-12-01
17.59,0.73,1937-01-01
18.11,0.74,1937-02-01
18.09,0.75,1937-03-01
17.01,0.78,1937-04-01
16.25,0.81,1937-05-01
15.64,0.84,1937-06-01
16.57,0.82,1937-07-01
16.74,0.79,1937-08-01
14.37,0.77,1937-09-01
12.28,0.78,1937-10-01
11.2,0.79,1937-11-01
11.02,0.8,1937-12-01
11.31,0.79,1938-01-01
11.04,0.79,1938-02-01
10.31,0.78,1938-03-01
9.89,0.77,1938-04-01
9.98,0.75,1938-05-01
10.21,0.74,1938-06-01
12.24,0.71,1938-07-01
12.31,0.69,1938-08-01
11.75,0.66,1938-09-01
13.06,0.61,1938-10-01
13.07,0.56,1938-11-01
12.69,0.51,1938-12-01
12.5,0.51,1939-01-01
12.4,0.52,1939-02-01
12.39,0.52,1939-03-01
10.83,0.52,1939-04-01
11.23,0.53,1939-05-01
11.43,0.53,1939-06-01
11.71,0.54,1939-07-01
11.54,0.55,1939-08-01
12.77,0.56,1939-09-01
12.9,0.58,1939-10-01
12.67,0.6,1939-11-01
12.37,0.62,1939-12-01
12.3,0.62,1940-01-01
12.22,0.63,1940-02-01
12.15,0.63,1940-03-01
12.27,0.64,1940-04-01
10.58,0.64,1940-05-01
9.67,0.65,1940-06-01
9.99,0.66,1940-07-01
10.2,0.66,1940-08-01
10.63,0.67,1940-09-01
10.73,0.67,1940-10-01
10.98,0.67,1940-11-01
10.53,0.67,1940-12-01
10.55,0.67,1941-01-01
9.89,0.68,1941-02-01
9.95,0.68,1941-03-01
9.64,0.68,1941-04-01
9.43,0.69,1941-05-01
9.76,0.69,1941-06-01
10.26,0.69,1941-07-01
10.21,0.7,1941-08-01
10.24,0.7,1941-09-01
9.83,0.7,1941-10-01
9.37,0.71,1941-11-01
8.76,0.71,1941-12-01
8.93,0.7,1942-01-01
8.65,0.7,1942-02-01
8.18,0.69,1942-03-01
7.84,0.68,1942-04-01
7.93,0.67,1942-05-01
8.33,0.66,1942-06-01
8.64,0.65,1942-07-01
8.59,0.63,1942-08-01
8.68,0.62,1942-09-01
9.32,0.61,1942-10-01
9.47,0.6,1942-11-01
9.52,0.59,1942-12-01
10.09,0.59,1943-01-01
10.69,0.59,1943-02-01
11.07,0.59,1943-03-01
11.44,0.59,1943-04-01
11.89,0.59,1943-05-01
12.1,0.59,1943-06-01
12.35,0.59,1943-07-01
11.74,0.6,1943-08-01
11.99,0.6,1943-09-01
11.88,0.6,1943-10-01
11.33,0.61,1943-11-01
11.48,0.61,1943-12-01
11.85,0.61,1944-01-01
11.77,0.62,1944-02-01
12.1,0.62,1944-03-01
11.89,0.62,1944-04-01
12.1,0.63,1944-05-01
12.67,0.63,1944-06-01
13,0.63,1944-07-01
12.81,0.64,1944-08-01
12.6,0.64,1944-09-01
12.91,0.64,1944-10-01
12.82,0.64,1944-11-01
13.1,0.64,1944-12-01
13.49,0.64,1945-01-01
13.94,0.65,1945-02-01
13.93,0.65,1945-03-01
14.28,0.65,1945-04-01
14.82,0.65,1945-05-01
15.09,0.65,1945-06-01
14.78,0.65,1945-07-01
14.83,0.66,1945-08-01
15.84,0.66,1945-09-01
16.5,0.66,1945-10-01
17.04,0.66,1945-11-01
17.33,0.66,1945-12-01
18.02,0.67,1946-01-01
18.07,0.67,1946-02-01
17.53,0.68,1946-03-01
18.66,0.68,1946-04-01
18.7,0.68,1946-05-01
18.58,0.68,1946-06-01
18.05,0.68,1946-07-01
17.7,0.69,1946-08-01
15.09,0.69,1946-09-01
14.75,0.7,1946-10-01
14.69,0.7,1946-11-01
15.13,0.71,1946-12-01
15.21,0.71,1947-01-01
15.8,0.72,1947-02-01
15.16,0.72,1947-03-01
14.6,0.73,1947-04-01
14.34,0.75,1947-05-01
14.84,0.76,1947-06-01
15.77,0.77,1947-07-01
15.46,0.78,1947-08-01
15.06,0.79,1947-09-01
15.45,0.81,1947-10-01
15.27,0.82,1947-11-01
15.03,0.84,1947-12-01
14.83,0.84,1948-01-01
14.1,0.85,1948-02-01
14.3,0.85,1948-03-01
15.4,0.85,1948-04-01
16.15,0.85,1948-05-01
16.82,0.85,1948-06-01
16.42,0.86,1948-07-01
15.94,0.86,1948-08-01
15.76,0.87,1948-09-01
16.19,0.89,1948-10-01
15.29,0.91,1948-11-01
15.19,0.93,1948-12-01
15.36,0.95,1949-01-01
14.77,0.96,1949-02-01
14.91,0.98,1949-03-01
14.89,0.99,1949-04-01
14.78,1.01,1949-05-01
13.97,1.02,1949-06-01
14.76,1.03,1949-07-01
15.29,1.03,1949-08-01
15.49,1.04,1949-09-01
15.89,1.07,1949-10-01
16.11,1.11,1949-11-01
16.54,1.14,1949-12-01
16.88,1.15,1950-01-01
17.21,1.16,1950-02-01
17.35,1.17,1950-03-01
17.84,1.18,1950-04-01
18.44,1.19,1950-05-01
18.74,1.2,1950-06-01
17.38,1.24,1950-07-01
18.43,1.29,1950-08-01
19.08,1.33,1950-09-01
19.87,1.38,1950-10-01
19.83,1.42,1950-11-01
19.75,1.47,1950-12-01
21.21,1.49,1951-01-01
22,1.5,1951-02-01
21.63,1.52,1951-03-01
21.92,1.53,1951-04-01
21.93,1.55,1951-05-01
21.55,1.56,1951-06-01
21.93,1.55,1951-07-01
22.89,1.53,1951-08-01
23.48,1.52,1951-09-01
23.36,1.48,1951-10-01
22.71,1.45,1951-11-01
23.41,1.41,1951-12-01
24.19,1.41,1952-01-01
23.75,1.42,1952-02-01
23.81,1.42,1952-03-01
23.74,1.43,1952-04-01
23.73,1.44,1952-05-01
24.38,1.45,1952-06-01
25.08,1.45,1952-07-01
25.18,1.45,1952-08-01
24.78,1.45,1952-09-01
24.26,1.44,1952-10-01
25.03,1.42,1952-11-01
26.04,1.41,1952-12-01
26.18,1.41,1953-01-01
25.86,1.41,1953-02-01
25.99,1.41,1953-03-01
24.71,1.41,1953-04-01
24.84,1.42,1953-05-01
23.95,1.42,1953-06-01
24.29,1.42,1953-07-01
24.39,1.42,1953-08-01
23.27,1.42,1953-09-01
23.97,1.43,1953-10-01
24.5,1.44,1953-11-01
24.83,1.45,1953-12-01
25.46,1.46,1954-01-01
26.02,1.46,1954-02-01
26.57,1.47,1954-03-01
27.63,1.46,1954-04-01
28.73,1.46,1954-05-01
28.96,1.45,1954-06-01
30.13,1.46,1954-07-01
30.73,1.46,1954-08-01
31.45,1.47,1954-09-01
32.18,1.49,1954-10-01
33.44,1.52,1954-11-01
34.97,1.54,1954-12-01
35.6,1.55,1955-01-01
36.79,1.55,1955-02-01
36.5,1.56,1955-03-01
37.76,1.56,1955-04-01
37.6,1.57,1955-05-01
39.78,1.57,1955-06-01
42.69,1.59,1955-07-01
42.43,1.6,1955-08-01
44.34,1.62,1955-09-01
42.11,1.63,1955-10-01
44.95,1.63,1955-11-01
45.37,1.64,1955-12-01
44.15,1.67,1956-01-01
44.43,1.7,1956-02-01
47.49,1.73,1956-03-01
48.05,1.75,1956-04-01
46.54,1.78,1956-05-01
46.27,1.8,1956-06-01
48.78,1.81,1956-07-01
48.49,1.83,1956-08-01
46.84,1.84,1956-09-01
46.24,1.81,1956-10-01
45.76,1.77,1956-11-01
46.44,1.74,1956-12-01
45.43,1.74,1957-01-01
43.47,1.73,1957-02-01
44.03,1.73,1957-03-01
45.05,1.73,1957-04-01
46.78,1.73,1957-05-01
47.55,1.73,1957-06-01
48.51,1.74,1957-07-01
45.84,1.75,1957-08-01
43.98,1.76,1957-09-01
41.24,1.77,1957-10-01
40.35,1.78,1957-11-01
40.33,1.79,1957-12-01
41.12,1.78,1958-01-01
41.26,1.78,1958-02-01
42.11,1.77,1958-03-01
42.34,1.76,1958-04-01
43.7,1.74,1958-05-01
44.75,1.73,1958-06-01
45.98,1.73,1958-07-01
47.7,1.73,1958-08-01
48.96,1.73,1958-09-01
50.95,1.74,1958-10-01
52.5,1.74,1958-11-01
53.49,1.75,1958-12-01
55.62,1.76,1959-01-01
54.77,1.76,1959-02-01
56.16,1.77,1959-03-01
57.1,1.78,1959-04-01
57.96,1.78,1959-05-01
57.46,1.79,1959-06-01
59.74,1.8,1959-07-01
59.4,1.8,1959-08-01
57.05,1.81,1959-09-01
57,1.82,1959-10-01
57.23,1.82,1959-11-01
59.06,1.83,1959-12-01
58.03,1.87,1960-01-01
55.78,1.9,1960-02-01
55.02,1.94,1960-03-01
55.73,1.94,1960-04-01
55.22,1.95,1960-05-01
57.26,1.95,1960-06-01
55.84,1.95,1960-07-01
56.51,1.95,1960-08-01
54.81,1.95,1960-09-01
53.73,1.95,1960-10-01
55.47,1.95,1960-11-01
56.8,1.95,1960-12-01
59.72,1.95,1961-01-01
62.17,1.94,1961-02-01
64.12,1.94,1961-03-01
65.83,1.94,1961-04-01
66.5,1.94,1961-05-01
65.62,1.94,1961-06-01
65.44,1.95,1961-07-01
67.79,1.95,1961-08-01
67.26,1.96,1961-09-01
68,1.98,1961-10-01
71.08,2,1961-11-01
71.74,2.02,1961-12-01
69.07,2.03,1962-01-01
70.22,2.03,1962-02-01
70.29,2.04,1962-03-01
68.05,2.05,1962-04-01
62.99,2.05,1962-05-01
55.63,2.06,1962-06-01
56.97,2.07,1962-07-01
58.52,2.07,1962-08-01
58,2.08,1962-09-01
56.17,2.1,1962-10-01
60.04,2.11,1962-11-01
62.64,2.13,1962-12-01
65.06,2.14,1963-01-01
65.92,2.14,1963-02-01
65.67,2.15,1963-03-01
68.76,2.17,1963-04-01
70.14,2.18,1963-05-01
70.11,2.2,1963-06-01
69.07,2.2,1963-07-01
70.98,2.21,1963-08-01
72.85,2.21,1963-09-01
73.03,2.23,1963-10-01
72.62,2.26,1963-11-01
74.17,2.28,1963-12-01
76.45,2.3,1964-01-01
77.39,2.31,1964-02-01
78.8,2.33,1964-03-01
79.94,2.35,1964-04-01
80.72,2.36,1964-05-01
80.24,2.38,1964-06-01
83.22,2.4,1964-07-01
82,2.42,1964-08-01
83.41,2.44,1964-09-01
84.85,2.46,1964-10-01
85.44,2.48,1964-11-01
83.96,2.5,1964-12-01
86.12,2.52,1965-01-01
86.75,2.53,1965-02-01
86.83,2.55,1965-03-01
87.97,2.57,1965-04-01
89.28,2.59,1965-05-01
85.04,2.61,1965-06-01
84.91,2.63,1965-07-01
86.49,2.64,1965-08-01
89.38,2.66,1965-09-01
91.39,2.68,1965-10-01
92.15,2.7,1965-11-01
91.73,2.72,1965-12-01
93.32,2.74,1966-01-01
92.69,2.76,1966-02-01
88.88,2.78,1966-03-01
91.6,2.8,1966-04-01
86.78,2.81,1966-05-01
86.06,2.83,1966-06-01
85.84,2.85,1966-07-01
80.65,2.87,1966-08-01
77.81,2.89,1966-09-01
77.13,2.88,1966-10-01
80.99,2.88,1966-11-01
81.33,2.87,1966-12-01
84.45,2.88,1967-01-01
87.36,2.89,1967-02-01
89.42,2.9,1967-03-01
90.96,2.9,1967-04-01
92.59,2.9,1967-05-01
91.43,2.9,1967-06-01
93.01,2.91,1967-07-01
94.49,2.91,1967-08-01
95.81,2.92,1967-09-01
95.66,2.92,1967-10-01
92.66,2.92,1967-11-01
95.3,2.92,1967-12-01
95.04,2.93,1968-01-01
90.75,2.94,1968-02-01
89.09,2.95,1968-03-01
95.67,2.96,1968-04-01
97.87,2.98,1968-05-01
100.5,2.99,1968-06-01
100.3,3,1968-07-01
98.11,3.02,1968-08-01
101.3,3.03,1968-09-01
103.8,3.04,1968-10-01
105.4,3.06,1968-11-01
106.5,3.07,1968-12-01
102,3.08,1969-01-01
101.5,3.09,1969-02-01
99.3,3.1,1969-03-01
101.3,3.11,1969-04-01
104.6,3.12,1969-05-01
99.14,3.13,1969-06-01
94.71,3.14,1969-07-01
94.18,3.14,1969-08-01
94.51,3.15,1969-09-01
95.52,3.15,1969-10-01
96.21,3.16,1969-11-01
91.11,3.16,1969-12-01
90.31,3.16,1970-01-01
87.16,3.17,1970-02-01
88.65,3.17,1970-03-01
85.95,3.17,1970-04-01
76.06,3.18,1970-05-01
75.59,3.18,1970-06-01
75.72,3.18,1970-07-01
77.92,3.19,1970-08-01
82.58,3.19,1970-09-01
84.37,3.17,1970-10-01
84.28,3.16,1970-11-01
90.05,3.14,1970-12-01
93.49,3.13,1971-01-01
97.11,3.12,1971-02-01
99.6,3.11,1971-03-01
103,3.11,1971-04-01
101.6,3.1,1971-05-01
99.72,3.1,1971-06-01
99,3.1,1971-07-01
97.24,3.09,1971-08-01
99.4,3.09,1971-09-01
97.29,3.08,1971-10-01
92.78,3.08,1971-11-01
99.17,3.07,1971-12-01
103.3,3.07,1972-01-01
105.2,3.07,1972-02-01
107.7,3.07,1972-03-01
108.8,3.07,1972-04-01
107.7,3.07,1972-05-01
108,3.07,1972-06-01
107.2,3.07,1972-07-01
111,3.08,1972-08-01
109.4,3.08,1972-09-01
109.6,3.1,1972-10-01
115.1,3.13,1972-11-01
117.5,3.15,1972-12-01
118.4,3.16,1973-01-01
114.2,3.16,1973-02-01
112.4,3.17,1973-03-01
110.3,3.19,1973-04-01
107.2,3.2,1973-05-01
104.8,3.22,1973-06-01
105.8,3.24,1973-07-01
103.8,3.25,1973-08-01
105.6,3.27,1973-09-01
109.8,3.31,1973-10-01
102,3.34,1973-11-01
94.78,3.38,1973-12-01
96.11,3.4,1974-01-01
93.45,3.42,1974-02-01
97.44,3.44,1974-03-01
92.46,3.46,1974-04-01
89.67,3.48,1974-05-01
89.79,3.5,1974-06-01
79.31,3.53,1974-07-01
76.03,3.56,1974-08-01
68.12,3.59,1974-09-01
69.44,3.59,1974-10-01
71.74,3.6,1974-11-01
67.07,3.6,1974-12-01
72.56,3.62,1975-01-01
80.1,3.65,1975-02-01
83.78,3.67,1975-03-01
84.72,3.68,1975-04-01
90.1,3.7,1975-05-01
92.4,3.71,1975-06-01
92.49,3.71,1975-07-01
85.71,3.71,1975-08-01
84.67,3.71,1975-09-01
88.57,3.7,1975-10-01
90.07,3.69,1975-11-01
88.7,3.68,1975-12-01
96.86,3.68,1976-01-01
100.6,3.69,1976-02-01
101.1,3.69,1976-03-01
101.9,3.71,1976-04-01
101.2,3.74,1976-05-01
101.8,3.76,1976-06-01
104.2,3.79,1976-07-01
103.3,3.82,1976-08-01
105.5,3.85,1976-09-01
101.9,3.92,1976-10-01
101.2,3.98,1976-11-01
104.7,4.05,1976-12-01
103.8,4.1,1977-01-01
101,4.14,1977-02-01
100.6,4.19,1977-03-01
99.05,4.25,1977-04-01
98.76,4.3,1977-05-01
99.29,4.36,1977-06-01
100.2,4.41,1977-07-01
97.75,4.45,1977-08-01
96.23,4.5,1977-09-01
93.74,4.56,1977-10-01
94.28,4.61,1977-11-01
93.82,4.67,1977-12-01
90.25,4.71,1978-01-01
88.98,4.76,1978-02-01
88.82,4.8,1978-03-01
92.71,4.84,1978-04-01
97.41,4.87,1978-05-01
97.66,4.91,1978-06-01
97.19,4.95,1978-07-01
103.9,4.98,1978-08-01
103.9,5.02,1978-09-01
100.6,5.04,1978-10-01
94.71,5.05,1978-11-01
96.11,5.07,1978-12-01
99.71,5.11,1979-01-01
98.23,5.16,1979-02-01
100.1,5.2,1979-03-01
102.1,5.25,1979-04-01
99.73,5.29,1979-05-01
101.7,5.34,1979-06-01
102.7,5.4,1979-07-01
107.4,5.45,1979-08-01
108.6,5.51,1979-09-01
104.5,5.56,1979-10-01
103.7,5.6,1979-11-01
107.8,5.65,1979-12-01
110.9,5.7,1980-01-01
115.3,5.75,1980-02-01
104.7,5.8,1980-03-01
103,5.85,1980-04-01
107.7,5.89,1980-05-01
114.6,5.94,1980-06-01
119.8,5.98,1980-07-01
123.5,6.03,1980-08-01
126.5,6.07,1980-09-01
130.2,6.1,1980-10-01
135.7,6.13,1980-11-01
133.5,6.16,1980-12-01
133,6.2,1981-01-01
128.4,6.24,1981-02-01
133.2,6.28,1981-03-01
134.4,6.32,1981-04-01
131.7,6.35,1981-05-01
132.3,6.39,1981-06-01
129.1,6.43,1981-07-01
129.6,6.48,1981-08-01
118.3,6.52,1981-09-01
119.8,6.56,1981-10-01
122.9,6.59,1981-11-01
123.8,6.63,1981-12-01
117.3,6.66,1982-01-01
114.5,6.69,1982-02-01
110.8,6.72,1982-03-01
116.3,6.75,1982-04-01
116.4,6.78,1982-05-01
109.7,6.81,1982-06-01
109.4,6.82,1982-07-01
109.7,6.84,1982-08-01
122.4,6.85,1982-09-01
132.7,6.86,1982-10-01
138.1,6.86,1982-11-01
139.4,6.87,1982-12-01
144.3,6.88,1983-01-01
146.8,6.9,1983-02-01
151.9,6.91,1983-03-01
157.7,6.92,1983-04-01
164.1,6.93,1983-05-01
166.4,6.94,1983-06-01
167,6.96,1983-07-01
162.4,6.98,1983-08-01
167.2,7,1983-09-01
167.7,7.03,1983-10-01
165.2,7.06,1983-11-01
164.4,7.09,1983-12-01
166.4,7.12,1984-01-01
157.3,7.15,1984-02-01
157.4,7.18,1984-03-01
157.6,7.22,1984-04-01
156.6,7.27,1984-05-01
153.1,7.31,1984-06-01
151.1,7.33,1984-07-01
164.4,7.36,1984-08-01
166.1,7.38,1984-09-01
164.8,7.43,1984-10-01
166.3,7.48,1984-11-01
164.5,7.53,1984-12-01
171.6,7.57,1985-01-01
180.9,7.62,1985-02-01
179.4,7.66,1985-03-01
180.6,7.69,1985-04-01
184.9,7.71,1985-05-01
188.9,7.74,1985-06-01
192.5,7.77,1985-07-01
188.3,7.81,1985-08-01
184.1,7.84,1985-09-01
186.2,7.86,1985-10-01
197.5,7.88,1985-11-01
207.3,7.9,1985-12-01
208.2,7.94,1986-01-01
219.4,7.98,1986-02-01
232.3,8.02,1986-03-01
238,8.05,1986-04-01
238.5,8.07,1986-05-01
245.3,8.1,1986-06-01
240.2,8.14,1986-07-01
245,8.19,1986-08-01
238.3,8.23,1986-09-01
237.4,8.25,1986-10-01
245.1,8.26,1986-11-01
248.6,8.28,1986-12-01
264.5,8.3,1987-01-01
280.9,8.32,1987-02-01
292.5,8.34,1987-03-01
289.3,8.4,1987-04-01
289.1,8.46,1987-05-01
301.4,8.52,1987-06-01
310.1,8.57,1987-07-01
329.4,8.61,1987-08-01
318.7,8.66,1987-09-01
280.2,8.71,1987-10-01
245,8.76,1987-11-01
241,8.81,1987-12-01
250.5,8.86,1988-01-01
258.1,8.9,1988-02-01
265.7,8.95,1988-03-01
262.6,9.04,1988-04-01
256.1,9.14,1988-05-01
270.7,9.23,1988-06-01
269.1,9.31,1988-07-01
263.7,9.38,1988-08-01
268,9.46,1988-09-01
277.4,9.55,1988-10-01
271,9.64,1988-11-01
276.5,9.75,1988-12-01
285.4,9.81,1989-01-01
294,9.9,1989-02-01
292.7,10.01,1989-03-01
302.3,10.09,1989-04-01
313.9,10.19,1989-05-01
323.7,10.37,1989-06-01
331.9,10.42,1989-07-01
346.6,10.55,1989-08-01
347.3,10.73,1989-09-01
347.4,10.8,1989-10-01
340.2,10.92,1989-11-01
348.6,11.06,1989-12-01
339.97,11.14,1990-01-01
330.45,11.23,1990-02-01
338.46,11.32,1990-03-01
338.18,11.44,1990-04-01
350.25,11.55,1990-05-01
360.39,11.66,1990-06-01
360.03,11.73,1990-07-01
330.75,11.78,1990-08-01
315.41,11.83,1990-09-01
307.12,11.93,1990-10-01
315.29,12.01,1990-11-01
328.75,12.09,1990-12-01
325.49,12.11,1991-01-01
362.26,12.11,1991-02-01
372.28,12.11,1991-03-01
379.68,12.13,1991-04-01
377.99,12.14,1991-05-01
378.29,12.15,1991-06-01
380.23,12.19,1991-07-01
389.4,12.24,1991-08-01
387.2,12.28,1991-09-01
386.88,12.25,1991-10-01
385.92,12.23,1991-11-01
388.51,12.2,1991-12-01
416.08,12.24,1992-01-01
412.56,12.28,1992-02-01
407.36,12.32,1992-03-01
407.41,12.32,1992-04-01
414.81,12.32,1992-05-01
408.27,12.32,1992-06-01
415.05,12.34,1992-07-01
417.93,12.37,1992-08-01
418.48,12.4,1992-09-01
412.5,12.39,1992-10-01
422.84,12.38,1992-11-01
435.64,12.39,1992-12-01
435.23,12.41,1993-01-01
441.7,12.45,1993-02-01
450.16,12.48,1993-03-01
443.08,12.49,1993-04-01
445.25,12.51,1993-05-01
448.06,12.52,1993-06-01
447.29,12.52,1993-07-01
454.13,12.52,1993-08-01
459.24,12.52,1993-09-01
463.9,12.54,1993-10-01
462.89,12.56,1993-11-01
465.95,12.58,1993-12-01
472.99,12.62,1994-01-01
471.58,12.67,1994-02-01
463.81,12.71,1994-03-01
447.23,12.75,1994-04-01
450.9,12.8,1994-05-01
454.83,12.84,1994-06-01
451.4,12.87,1994-07-01
464.24,12.9,1994-08-01
466.96,12.92,1994-09-01
463.81,13.01,1994-10-01
461.01,13.1,1994-11-01
455.19,13.17,1994-12-01
465.25,13.18,1995-01-01
481.92,13.18,1995-02-01
493.15,13.17,1995-03-01
507.91,13.24,1995-04-01
523.81,13.31,1995-05-01
539.35,13.36,1995-06-01
557.37,13.44,1995-07-01
559.11,13.51,1995-08-01
578.77,13.58,1995-09-01
582.92,13.65,1995-10-01
595.53,13.72,1995-11-01
614.57,13.79,1995-12-01
614.42,13.89,1996-01-01
649.54,14,1996-02-01
647.07,14.1,1996-03-01
647.17,14.16,1996-04-01
661.23,14.21,1996-05-01
668.5,14.27,1996-06-01
644.07,14.4,1996-07-01
662.68,14.53,1996-08-01
674.88,14.66,1996-09-01
701.46,14.74,1996-10-01
735.67,14.82,1996-11-01
743.25,14.9,1996-12-01
766.22,14.95,1997-01-01
798.39,15.01,1997-02-01
792.16,15.06,1997-03-01
763.93,15.09,1997-04-01
833.09,15.13,1997-05-01
876.29,15.16,1997-06-01
925.29,15.22,1997-07-01
927.24,15.27,1997-08-01
937.02,15.33,1997-09-01
951.16,15.39,1997-10-01
938.92,15.44,1997-11-01
962.37,15.5,1997-12-01
963.36,15.55,1998-01-01
1023.74,15.6,1998-02-01
1076.83,15.64,1998-03-01
1112.2,15.75,1998-04-01
1108.42,15.85,1998-05-01
1108.39,15.95,1998-06-01
1156.58,16.02,1998-07-01
1074.62,16.08,1998-08-01
1020.64,16.14,1998-09-01
1032.47,16.17,1998-10-01
1144.43,16.18,1998-11-01
1190.05,16.2,1998-12-01
1248.77,16.28,1999-01-01
1246.58,16.37,1999-02-01
1281.66,16.45,1999-03-01
1334.76,16.45,1999-04-01
1332.07,16.45,1999-05-01
1322.55,16.45,1999-06-01
1380.99,16.51,1999-07-01
1327.49,16.58,1999-08-01
1318.17,16.64,1999-09-01
1300.01,16.66,1999-10-01
1391,16.67,1999-11-01
1428.68,16.69,1999-12-01
1425.59,16.71,2000-01-01
1388.87,16.74,2000-02-01
1442.21,16.76,2000-03-01
1461.36,16.74,2000-04-01
1418.48,16.72,2000-05-01
1461.96,16.7,2000-06-01
1473,16.58,2000-07-01
1485.46,16.47,2000-08-01
1468.05,16.35,2000-09-01
1390.14,16.32,2000-10-01
1378.04,16.3,2000-11-01
1330.93,16.27,2000-12-01
1335.63,16.17,2001-01-01
1305.75,16.07,2001-02-01
1185.85,15.97,2001-03-01
1189.84,15.88,2001-04-01
1270.37,15.78,2001-05-01
1238.71,15.69,2001-06-01
1204.45,15.71,2001-07-01
1178.5,15.72,2001-08-01
1044.64,15.74,2001-09-01
1076.59,15.74,2001-10-01
1129.68,15.74,2001-11-01
1144.93,15.74,2001-12-01
1140.21,15.74,2002-01-01
1100.67,15.73,2002-02-01
1153.79,15.73,2002-03-01
1111.93,15.83,2002-04-01
1079.25,15.94,2002-05-01
1014.02,16.04,2002-06-01
903.59,15.96,2002-07-01
912.55,15.88,2002-08-01
867.81,15.8,2002-09-01
854.63,15.89,2002-10-01
909.93,15.98,2002-11-01
899.18,16.07,2002-12-01
895.84,16.12,2003-01-01
837.03,16.17,2003-02-01
846.63,16.22,2003-03-01
890.03,16.2,2003-04-01
935.96,16.19,2003-05-01
988,16.17,2003-06-01
992.54,16.31,2003-07-01
989.53,16.45,2003-08-01
1019.44,16.59,2003-09-01
1038.73,16.86,2003-10-01
1049.9,17.12,2003-11-01
1080.64,17.39,2003-12-01
1132.52,17.6,2004-01-01
1143.36,17.81,2004-02-01
1123.98,18.02,2004-03-01
1133.36,18.21,2004-04-01
1102.78,18.41,2004-05-01
1132.76,18.6,2004-06-01
1105.85,18.79,2004-07-01
1088.94,18.97,2004-08-01
1117.66,19.16,2004-09-01
1117.21,19.25,2004-10-01
1168.94,19.35,2004-11-01
1199.21,19.44,2004-12-01
1181.41,19.7,2005-01-01
1199.63,19.97,2005-02-01
1194.9,20.23,2005-03-01
1164.43,20.46,2005-04-01
1178.28,20.7,2005-05-01
1202.25,20.93,2005-06-01
1222.24,21.11,2005-07-01
1224.27,21.29,2005-08-01
1225.92,21.47,2005-09-01
1191.96,21.72,2005-10-01
1237.37,21.97,2005-11-01
1262.07,22.22,2005-12-01
1278.73,22.41,2006-01-01
1276.65,22.59,2006-02-01
1293.74,22.78,2006-03-01
1302.17,23,2006-04-01
1290.01,23.22,2006-05-01
1253.17,23.44,2006-06-01
1260.24,23.66,2006-07-01
1287.15,23.88,2006-08-01
1317.74,24.1,2006-09-01
1363.38,24.36,2006-10-01
1388.64,24.62,2006-11-01
1416.42,24.88,2006-12-01
1424.16,25.08,2007-01-01
1444.8,25.29,2007-02-01
1406.95,25.49,2007-03-01
1463.64,25.72,2007-04-01
1511.14,25.94,2007-05-01
1514.19,26.17,2007-06-01
1520.71,26.44,2007-07-01
1454.62,26.71,2007-08-01
1497.12,26.98,2007-09-01
1539.66,27.23,2007-10-01
1463.39,27.48,2007-11-01
1479.22,27.73,2007-12-01
1378.76,27.92,2008-01-01
1354.87,28.11,2008-02-01
1316.94,28.3,2008-03-01
1370.47,28.44,2008-04-01
1403.22,28.57,2008-05-01
1341.25,28.71,2008-06-01
1257.33,28.76,2008-07-01
1281.47,28.8,2008-08-01
1216.95,28.85,2008-09-01
968.8,28.7,2008-10-01
883.04,28.54,2008-11-01
877.56,28.39,2008-12-01
865.58,28.01,2009-01-01
805.23,27.64,2009-02-01
757.13,27.26,2009-03-01
848.15,26.7,2009-04-01
902.41,26.15,2009-05-01
926.12,25.59,2009-06-01
935.82,25.03,2009-07-01
1009.73,24.46,2009-08-01
1044.55,23.9,2009-09-01
1067.66,23.4,2009-10-01
1088.07,22.91,2009-11-01
1110.38,22.41,2009-12-01
1123.58,22.24,2010-01-01
1089.16,22.07,2010-02-01
1152.05,21.9,2010-03-01
1197.32,21.95,2010-04-01
1125.06,21.99,2010-05-01
1083.36,22.04,2010-06-01
1079.8,22.14,2010-07-01
1087.28,22.25,2010-08-01
1122.08,22.35,2010-09-01
1171.58,22.48,2010-10-01
1198.89,22.6,2010-11-01
1241.53,22.73,2010-12-01
1282.62,22.96,2011-01-01
1321.12,23.2,2011-02-01
1304.49,23.43,2011-03-01
1331.51,23.73,2011-04-01
1338.31,24.04,2011-05-01
1287.29,24.34,2011-06-01
1325.19,24.62,2011-07-01
1185.31,24.9,2011-08-01
1173.88,25.18,2011-09-01
1207.22,25.6,2011-10-01
1226.42,26.01,2011-11-01
1243.32,26.43,2011-12-01
1300.58,26.74,2012-01-01
1352.49,27.04,2012-02-01
1389.24,27.35,2012-03-01
1386.43,27.67,2012-04-01
1341.27,28,2012-05-01
1323.48,28.32,2012-06-01
1359.78,28.74,2012-07-01
1403.45,29.17,2012-08-01
1443.42,29.59,2012-09-01
1437.82,30.14,2012-10-01
1394.51,30.7,2012-11-01
1422.29,31.25,2012-12-01
1480.4,31.54,2013-01-01
1512.31,31.82,2013-02-01
1550.83,32.11,2013-03-01
1570.7,32.5,2013-04-01
1639.84,32.88,2013-05-01
1618.77,33.27,2013-06-01
1668.68,33.65,2013-07-01
1670.09,34.02,2013-08-01
1687.17,34.4,2013-09-01
1720.03,34.6,2013-10-01
1783.54,34.79,2013-11-01
1807.78,34.99,2013-12-01
1822.36,35.4,2014-01-01
1817.04,35.82,2014-02-01
1863.52,36.23,2014-03-01
1864.26,36.61,2014-04-01
1889.77,37,2014-05-01
1947.09,37.38,2014-06-01
1973.1,37.75,2014-07-01
1961.53,38.12,2014-08-01
1993.23,38.49,2014-09-01
1937.27,38.81,2014-10-01
2044.57,39.12,2014-11-01
2054.27,39.44,2014-12-01
2028.18,39.9,2015-01-01
2082.2,40.35,2015-02-01
2079.99,40.81,2015-03-01
2094.86,41.12,2015-04-01
2111.94,41.43,2015-05-01
2099.29,41.74,2015-06-01
2094.14,42,2015-07-01
2039.87,42.25,2015-08-01
1944.41,42.51,2015-09-01
2024.81,42.8,2015-10-01
2080.62,43.1,2015-11-01
2054.08,43.39,2015-12-01
1918.6,43.55,2016-01-01
1904.42,43.72,2016-02-01
2021.95,43.88,2016-03-01
2075.54,44.07,2016-04-01
2065.55,44.27,2016-05-01
2083.89,44.46,2016-06-01
2148.9,44.65,2016-07-01
2170.95,44.84,2016-08-01
2157.69,45.03,2016-09-01
2143.02,45.25,2016-10-01
2164.99,45.48,2016-11-01
2246.63,45.7,2016-12-01
2275.12,45.93,2017-01-01
2329.91,46.15,2017-02-01
2366.82,46.38,2017-03-01
2359.31,46.66,2017-04-01
2395.35,46.94,2017-05-01
2433.99,47.22,2017-06-01
2454.1,47.54,2017-07-01
2456.22,47.85,2017-08-01
2492.84,48.17,2017-09-01
2557,48.42,2017-10-01
2593.61,48.68,2017-11-01
2664.34,48.93,2017-12-01
2789.8,49.29,2018-01-01
2705.16,49.64,2018-02-01
2702.77,50,2018-03-01
2653.63,50.33,2018-04-01
2701.49,50.66,2018-05-01
2754.35,50.99,2018-06-01
2793.64,51.44,2018-07-01
2857.82,51.89,2018-08-01
2901.5,52.34,2018-09-01
2785.46,52.81,2018-10-01
2723.23,53.28,2018-11-01
2567.31,53.75,2018-12-01
2607.39,54.15,2019-01-01
2754.86,54.54,2019-02-01
2803.98,54.94,2019-03-01
2903.8,55.32,2019-04-01
2854.71,55.7,2019-05-01
2890.17,56.08,2019-06-01
2996.11,56.46,2019-07-01
2883.98,56.84,2019-08-01
2982.16,57.22,2019-09-01
2977.68,58,2019-10-01
3104.90,58,2019-11-01
3223.38,58,2019-12-01

